-- phpMyAdmin SQL Dump
-- version 4.6.4
-- https://www.phpmyadmin.net/
--
-- Host: 127.0.0.1
-- Generation Time: Dec 06, 2017 at 01:28 PM
-- Server version: 5.7.14
-- PHP Version: 5.6.25

SET SQL_MODE = "NO_AUTO_VALUE_ON_ZERO";
SET time_zone = "+00:00";


/*!40101 SET @OLD_CHARACTER_SET_CLIENT=@@CHARACTER_SET_CLIENT */;
/*!40101 SET @OLD_CHARACTER_SET_RESULTS=@@CHARACTER_SET_RESULTS */;
/*!40101 SET @OLD_COLLATION_CONNECTION=@@COLLATION_CONNECTION */;
/*!40101 SET NAMES utf8mb4 */;

--
-- Database: `oss`
--

-- --------------------------------------------------------

--
-- Table structure for table `admin`
--

CREATE TABLE `admin` (
  `id` bigint(20) UNSIGNED NOT NULL,
  `usrname` varchar(50) NOT NULL,
  `password` varchar(100) NOT NULL
) ENGINE=MyISAM DEFAULT CHARSET=latin1;

--
-- Dumping data for table `admin`
--

INSERT INTO `admin` (`id`, `usrname`, `password`) VALUES
(1, 'admin1', '$2y$10$euo5ikFe4mshTqfu1Clh9ehIeiT/0u1YJVeQUBmuCDPsupTH896e6');

-- --------------------------------------------------------

--
-- Table structure for table `category`
--

CREATE TABLE `category` (
  `cid` bigint(20) UNSIGNED NOT NULL,
  `cname` varchar(100) NOT NULL
) ENGINE=MyISAM DEFAULT CHARSET=latin1;

--
-- Dumping data for table `category`
--

INSERT INTO `category` (`cid`, `cname`) VALUES
(1, 'electronics'),
(17, 'Books'),
(2, 'men\'s fashion'),
(3, 'Sports');

-- --------------------------------------------------------

--
-- Table structure for table `dummy_sales`
--

CREATE TABLE `dummy_sales` (
  `sid` bigint(20) NOT NULL,
  `pid` bigint(20) NOT NULL,
  `qty` int(50) NOT NULL
) ENGINE=MyISAM DEFAULT CHARSET=latin1;

--
-- Dumping data for table `dummy_sales`
--

INSERT INTO `dummy_sales` (`sid`, `pid`, `qty`) VALUES
(1, 45, 7),
(2, 42, 7),
(3, 40, 5),
(4, 78, 1),
(5, 82, 4),
(6, 3, 5),
(7, 54, 7),
(8, 108, 8),
(9, 41, 5),
(10, 88, 4),
(11, 67, 4),
(12, 72, 9),
(13, 62, 2),
(14, 98, 7),
(15, 66, 9),
(16, 69, 3),
(17, 37, 7),
(18, 48, 4),
(19, 105, 4),
(20, 62, 7),
(21, 82, 9),
(22, 1, 10),
(23, 38, 8),
(24, 74, 9),
(25, 98, 1),
(26, 57, 6),
(27, 50, 5),
(28, 96, 3),
(29, 47, 1),
(30, 81, 7),
(31, 61, 5),
(32, 43, 3),
(33, 106, 1),
(34, 76, 7),
(35, 63, 9),
(36, 61, 5),
(37, 48, 9),
(38, 106, 7),
(39, 96, 4),
(40, 87, 6),
(41, 110, 8),
(42, 3, 9),
(43, 89, 8),
(44, 53, 3),
(45, 3, 5),
(46, 95, 5),
(47, 64, 7),
(48, 51, 1),
(49, 63, 8),
(50, 96, 2),
(51, 56, 2),
(52, 66, 2),
(53, 80, 9),
(54, 101, 7),
(55, 108, 7),
(56, 85, 7),
(57, 104, 7),
(58, 83, 5),
(59, 100, 5),
(60, 89, 1),
(61, 49, 3),
(62, 42, 9),
(63, 89, 4),
(64, 85, 3),
(65, 86, 2),
(66, 53, 7),
(67, 98, 6),
(68, 74, 2),
(69, 64, 6),
(70, 77, 3),
(71, 97, 8),
(72, 102, 2),
(73, 97, 10),
(74, 102, 5),
(75, 89, 10),
(76, 79, 1),
(77, 52, 3),
(78, 56, 8),
(79, 79, 7),
(80, 58, 9),
(81, 100, 6),
(82, 41, 6),
(83, 56, 3),
(84, 62, 2),
(85, 61, 2),
(86, 57, 5),
(87, 43, 1),
(88, 79, 7),
(89, 90, 3),
(90, 44, 3),
(91, 88, 9),
(92, 74, 2),
(93, 71, 5),
(94, 45, 8),
(95, 78, 7),
(96, 74, 7),
(97, 45, 3),
(98, 49, 3),
(99, 58, 8),
(100, 98, 1),
(101, 95, 4),
(102, 68, 6),
(103, 1, 1),
(104, 2, 3),
(105, 65, 5),
(106, 107, 2),
(107, 83, 2),
(108, 75, 6),
(109, 58, 9),
(110, 64, 5),
(111, 66, 10),
(112, 47, 2),
(113, 50, 10),
(114, 47, 3),
(115, 94, 8),
(116, 80, 7),
(117, 95, 8),
(118, 56, 9),
(119, 40, 3),
(120, 65, 2),
(121, 89, 1),
(122, 98, 7),
(123, 45, 8),
(124, 83, 10),
(125, 58, 6),
(126, 62, 5),
(127, 110, 2),
(128, 67, 10),
(129, 44, 7),
(130, 94, 9),
(131, 107, 10),
(132, 83, 4),
(133, 101, 7),
(134, 79, 6),
(135, 91, 7),
(136, 55, 3),
(137, 86, 6),
(138, 55, 5),
(139, 67, 1),
(140, 100, 4),
(141, 66, 10),
(142, 46, 10),
(143, 79, 10),
(144, 95, 3),
(145, 97, 10),
(146, 38, 4),
(147, 102, 2),
(148, 84, 1),
(149, 105, 6),
(150, 1, 5),
(151, 103, 1),
(152, 98, 8),
(153, 41, 1),
(154, 86, 10),
(155, 59, 4),
(156, 75, 6),
(157, 98, 8),
(158, 101, 4),
(159, 41, 2),
(160, 108, 4),
(161, 80, 1),
(162, 97, 10),
(163, 82, 1),
(164, 51, 1),
(165, 55, 10),
(166, 110, 1),
(167, 93, 6),
(168, 109, 5),
(169, 62, 10),
(170, 80, 6),
(171, 54, 2),
(172, 3, 9),
(173, 61, 3),
(174, 50, 1),
(175, 87, 7),
(176, 42, 6),
(177, 73, 1),
(178, 50, 7),
(179, 78, 8),
(180, 110, 1),
(181, 47, 1),
(182, 102, 10),
(183, 59, 8),
(184, 99, 10),
(185, 44, 2),
(186, 3, 1),
(187, 74, 4),
(188, 64, 6),
(189, 73, 8),
(190, 37, 8),
(191, 95, 8),
(192, 51, 8),
(193, 56, 9),
(194, 89, 6),
(195, 110, 5),
(196, 63, 2),
(197, 65, 3),
(198, 3, 9),
(199, 96, 5),
(200, 87, 1),
(201, 70, 6),
(202, 76, 2),
(203, 102, 9),
(204, 103, 7),
(205, 81, 4),
(206, 69, 8),
(207, 100, 2),
(208, 79, 7),
(209, 103, 9),
(210, 42, 10),
(211, 75, 9),
(212, 87, 3),
(213, 61, 3),
(214, 69, 4),
(215, 53, 7),
(216, 49, 10),
(217, 85, 2),
(218, 77, 6),
(219, 56, 10),
(220, 85, 1),
(221, 82, 2),
(222, 102, 8),
(223, 43, 4),
(224, 55, 7),
(225, 79, 8),
(226, 55, 5),
(227, 56, 7),
(228, 91, 3),
(229, 73, 5),
(230, 57, 6),
(231, 82, 2),
(232, 81, 8),
(233, 3, 7),
(234, 1, 3),
(235, 38, 5),
(236, 75, 5),
(237, 105, 4),
(238, 38, 6),
(239, 82, 6),
(240, 65, 3),
(241, 37, 3),
(242, 68, 5),
(243, 110, 9),
(244, 92, 10),
(245, 86, 4),
(246, 53, 9),
(247, 3, 2),
(248, 106, 2),
(249, 67, 2),
(250, 82, 5),
(251, 67, 7),
(252, 88, 6),
(253, 51, 2),
(254, 87, 4),
(255, 81, 1),
(256, 100, 10),
(257, 3, 7),
(258, 73, 4),
(259, 56, 1),
(260, 69, 3),
(261, 58, 2),
(262, 80, 1),
(263, 71, 2),
(264, 88, 6),
(265, 42, 3),
(266, 90, 3),
(267, 100, 7),
(268, 88, 10),
(269, 77, 10),
(270, 39, 8),
(271, 44, 1),
(272, 53, 8),
(273, 84, 5),
(274, 41, 6),
(275, 60, 5),
(276, 53, 5),
(277, 79, 1),
(278, 64, 8),
(279, 103, 7),
(280, 89, 4),
(281, 85, 9),
(282, 88, 7),
(283, 46, 4),
(284, 42, 7),
(285, 76, 6),
(286, 51, 1),
(287, 92, 6),
(288, 74, 2),
(289, 77, 4),
(290, 102, 10),
(291, 85, 2),
(292, 64, 4),
(293, 106, 5),
(294, 96, 1),
(295, 37, 8),
(296, 48, 6),
(297, 40, 2),
(298, 2, 2),
(299, 64, 5),
(300, 101, 1),
(301, 96, 6),
(302, 3, 2),
(303, 80, 4),
(304, 56, 7),
(305, 48, 5),
(306, 107, 4),
(307, 99, 6),
(308, 80, 6),
(309, 88, 8),
(310, 64, 8),
(311, 3, 9),
(312, 93, 7),
(313, 87, 7),
(314, 103, 6),
(315, 39, 6),
(316, 101, 5),
(317, 108, 5),
(318, 62, 6),
(319, 101, 9),
(320, 54, 8),
(321, 74, 8),
(322, 1, 4),
(323, 109, 7),
(324, 96, 9),
(325, 69, 8),
(326, 68, 6),
(327, 100, 10),
(328, 87, 7),
(329, 56, 10),
(330, 90, 10),
(331, 55, 9),
(332, 80, 6),
(333, 61, 3),
(334, 59, 3),
(335, 56, 10),
(336, 78, 2),
(337, 94, 5),
(338, 63, 8),
(339, 47, 8),
(340, 97, 4),
(341, 100, 5),
(342, 79, 2),
(343, 88, 7),
(344, 49, 6),
(345, 103, 3),
(346, 74, 9),
(347, 72, 5),
(348, 92, 5),
(349, 104, 6),
(350, 69, 3),
(351, 58, 2),
(352, 74, 1),
(353, 49, 9),
(354, 58, 10),
(355, 58, 2),
(356, 1, 1),
(357, 105, 3),
(358, 57, 9),
(359, 95, 9),
(360, 56, 1),
(361, 52, 10),
(362, 104, 6),
(363, 91, 3),
(364, 88, 1),
(365, 75, 5),
(366, 63, 2),
(367, 73, 5),
(368, 98, 1),
(369, 98, 10),
(370, 51, 3),
(371, 82, 7),
(372, 46, 10),
(373, 2, 6),
(374, 92, 2),
(375, 74, 6),
(376, 84, 3),
(377, 63, 1),
(378, 64, 7),
(379, 86, 8),
(380, 41, 6),
(381, 95, 10),
(382, 107, 3),
(383, 108, 1),
(384, 87, 2),
(385, 92, 7),
(386, 84, 4),
(387, 74, 9),
(388, 77, 2),
(389, 90, 6),
(390, 61, 3),
(391, 108, 1),
(392, 61, 2),
(393, 108, 9),
(394, 86, 2),
(395, 47, 1),
(396, 75, 7),
(397, 77, 6),
(398, 81, 9),
(399, 45, 6),
(400, 49, 5),
(401, 47, 7),
(402, 59, 3),
(403, 105, 4),
(404, 82, 3),
(405, 43, 9),
(406, 50, 8),
(407, 93, 7),
(408, 2, 3),
(409, 82, 7),
(410, 71, 9),
(411, 44, 10),
(412, 58, 2),
(413, 39, 10),
(414, 102, 10),
(415, 94, 5),
(416, 89, 8),
(417, 55, 10),
(418, 81, 5),
(419, 102, 5),
(420, 51, 2),
(421, 67, 8),
(422, 70, 4),
(423, 91, 6),
(424, 43, 5),
(425, 88, 8),
(426, 2, 5),
(427, 63, 7),
(428, 3, 8),
(429, 41, 5),
(430, 96, 5),
(431, 54, 6),
(432, 48, 1),
(433, 40, 3),
(434, 42, 4),
(435, 64, 4),
(436, 80, 4),
(437, 93, 5),
(438, 75, 4),
(439, 42, 10),
(440, 40, 10),
(441, 41, 3),
(442, 101, 4),
(443, 48, 8),
(444, 89, 1),
(445, 37, 8),
(446, 86, 6),
(447, 102, 10),
(448, 53, 3),
(449, 84, 2),
(450, 73, 1),
(451, 54, 10),
(452, 2, 2),
(453, 54, 4),
(454, 48, 10),
(455, 87, 10),
(456, 84, 2),
(457, 50, 7),
(458, 86, 8),
(459, 52, 4),
(460, 72, 6),
(461, 2, 1),
(462, 107, 6),
(463, 101, 2),
(464, 46, 3),
(465, 43, 1),
(466, 89, 9),
(467, 53, 4),
(468, 76, 3),
(469, 38, 5),
(470, 91, 10),
(471, 65, 2),
(472, 42, 4),
(473, 67, 9),
(474, 96, 6),
(475, 46, 6),
(476, 1, 3),
(477, 96, 4),
(478, 82, 6),
(479, 103, 10),
(480, 74, 2),
(481, 42, 7),
(482, 73, 8),
(483, 68, 1),
(484, 88, 5),
(485, 39, 5),
(486, 59, 7),
(487, 79, 6),
(488, 104, 1),
(489, 87, 8),
(490, 44, 7),
(491, 100, 4),
(492, 107, 7),
(493, 57, 5),
(494, 2, 2),
(495, 102, 6),
(496, 92, 2),
(497, 44, 5),
(498, 85, 4),
(499, 2, 2),
(500, 103, 6),
(501, 47, 2),
(502, 54, 8),
(503, 80, 5),
(504, 77, 9),
(505, 53, 8),
(506, 58, 4),
(507, 75, 4),
(508, 38, 9),
(509, 55, 7),
(510, 46, 4),
(511, 41, 3),
(512, 94, 9),
(513, 45, 3),
(514, 103, 4),
(515, 40, 8),
(516, 72, 2),
(517, 1, 6),
(518, 109, 10),
(519, 83, 1),
(520, 96, 10),
(521, 78, 3),
(522, 74, 3),
(523, 56, 9),
(524, 100, 3),
(525, 40, 7),
(526, 37, 3),
(527, 72, 2),
(528, 37, 5),
(529, 80, 8),
(530, 86, 5),
(531, 92, 8),
(532, 110, 6),
(533, 90, 3),
(534, 84, 4),
(535, 40, 4),
(536, 75, 3),
(537, 39, 2),
(538, 54, 6),
(539, 95, 7),
(540, 74, 6),
(541, 68, 9),
(542, 86, 5),
(543, 47, 5),
(544, 50, 10),
(545, 57, 1),
(546, 88, 9),
(547, 81, 6),
(548, 69, 4),
(549, 41, 8),
(550, 83, 4),
(551, 104, 1),
(552, 66, 2),
(553, 94, 9),
(554, 90, 5),
(555, 110, 3),
(556, 73, 3),
(557, 78, 4),
(558, 85, 1),
(559, 73, 7),
(560, 85, 10),
(561, 57, 9),
(562, 49, 9),
(563, 38, 1),
(564, 45, 3),
(565, 53, 8),
(566, 60, 6),
(567, 89, 8),
(568, 105, 8),
(569, 107, 8),
(570, 61, 3),
(571, 53, 10),
(572, 81, 7),
(573, 93, 10),
(574, 97, 7),
(575, 1, 7),
(576, 57, 4),
(577, 67, 2),
(578, 80, 2),
(579, 2, 6),
(580, 91, 9),
(581, 71, 5),
(582, 99, 4),
(583, 82, 7),
(584, 1, 9),
(585, 46, 1),
(586, 93, 3),
(587, 44, 1),
(588, 110, 8),
(589, 49, 3),
(590, 53, 2),
(591, 44, 5),
(592, 101, 1),
(593, 54, 2),
(594, 95, 4),
(595, 40, 6),
(596, 50, 4),
(597, 86, 2),
(598, 96, 1),
(599, 89, 7),
(600, 84, 1),
(601, 81, 10),
(602, 54, 8),
(603, 57, 1),
(604, 67, 1),
(605, 69, 1),
(606, 49, 4),
(607, 49, 3),
(608, 83, 3),
(609, 57, 9),
(610, 85, 3),
(611, 83, 4),
(612, 44, 9),
(613, 79, 1),
(614, 104, 8),
(615, 57, 1),
(616, 110, 1),
(617, 97, 5),
(618, 55, 8),
(619, 102, 9),
(620, 46, 9),
(621, 88, 6),
(622, 61, 4),
(623, 54, 10),
(624, 2, 6),
(625, 42, 2),
(626, 45, 9),
(627, 44, 10),
(628, 41, 1),
(629, 48, 4),
(630, 90, 7),
(631, 3, 5),
(632, 93, 8),
(633, 99, 10),
(634, 78, 10),
(635, 39, 1),
(636, 102, 10),
(637, 46, 7),
(638, 57, 7),
(639, 82, 7),
(640, 94, 10),
(641, 101, 6),
(642, 41, 1),
(643, 89, 9),
(644, 48, 10),
(645, 51, 5),
(646, 107, 3),
(647, 68, 4),
(648, 57, 7),
(649, 64, 10),
(650, 104, 8),
(651, 95, 6),
(652, 70, 8),
(653, 2, 2),
(654, 90, 9),
(655, 99, 3),
(656, 80, 1),
(657, 104, 2),
(658, 62, 9),
(659, 40, 7),
(660, 40, 2),
(661, 68, 10),
(662, 55, 5),
(663, 108, 9),
(664, 94, 7),
(665, 66, 1),
(666, 2, 3),
(667, 51, 1),
(668, 107, 4),
(669, 77, 2),
(670, 37, 3),
(671, 108, 3),
(672, 72, 10),
(673, 55, 6),
(674, 68, 9),
(675, 67, 9),
(676, 97, 6),
(677, 81, 10),
(678, 1, 1),
(679, 100, 8),
(680, 80, 1),
(681, 95, 3),
(682, 103, 10),
(683, 110, 9),
(684, 42, 8),
(685, 45, 4),
(686, 103, 9),
(687, 48, 5),
(688, 65, 9),
(689, 55, 5),
(690, 57, 10),
(691, 108, 7),
(692, 70, 5),
(693, 72, 2),
(694, 103, 4),
(695, 1, 10),
(696, 60, 5),
(697, 39, 5),
(698, 41, 7),
(699, 80, 8),
(700, 66, 1),
(701, 66, 6),
(702, 80, 1),
(703, 47, 3),
(704, 44, 5),
(705, 52, 4),
(706, 97, 5),
(707, 74, 9),
(708, 49, 6),
(709, 73, 6),
(710, 48, 4),
(711, 102, 1),
(712, 104, 10),
(713, 105, 4),
(714, 104, 10),
(715, 48, 3),
(716, 74, 4),
(717, 3, 9),
(718, 37, 7),
(719, 75, 5),
(720, 77, 6),
(721, 39, 3),
(722, 82, 6),
(723, 103, 9),
(724, 54, 4),
(725, 38, 2),
(726, 39, 9),
(727, 106, 1),
(728, 61, 5),
(729, 37, 9),
(730, 52, 9),
(731, 48, 1),
(732, 66, 6),
(733, 62, 2),
(734, 1, 10),
(735, 48, 8),
(736, 1, 6),
(737, 77, 9),
(738, 60, 5),
(739, 70, 10),
(740, 3, 8),
(741, 106, 6),
(742, 56, 1),
(743, 53, 8),
(744, 58, 8),
(745, 101, 9),
(746, 78, 7),
(747, 49, 8),
(748, 91, 10),
(749, 81, 3),
(750, 64, 1),
(751, 107, 9),
(752, 71, 6),
(753, 45, 2),
(754, 39, 9),
(755, 89, 8),
(756, 78, 2),
(757, 45, 4),
(758, 83, 10),
(759, 80, 2),
(760, 108, 1),
(761, 55, 7),
(762, 68, 5),
(763, 61, 5),
(764, 82, 9),
(765, 2, 10),
(766, 41, 7),
(767, 53, 8),
(768, 95, 3),
(769, 89, 5),
(770, 69, 4),
(771, 63, 7),
(772, 80, 8),
(773, 74, 10),
(774, 44, 8),
(775, 94, 8),
(776, 71, 6),
(777, 53, 1),
(778, 46, 10),
(779, 43, 3),
(780, 83, 2),
(781, 77, 7),
(782, 108, 5),
(783, 43, 9),
(784, 87, 7),
(785, 44, 10),
(786, 93, 9),
(787, 71, 10),
(788, 38, 2),
(789, 72, 7),
(790, 37, 9),
(791, 107, 3),
(792, 100, 6),
(793, 94, 6),
(794, 65, 4),
(795, 101, 6),
(796, 89, 6),
(797, 104, 5),
(798, 69, 6),
(799, 58, 7),
(800, 39, 2),
(801, 63, 8),
(802, 65, 3),
(803, 59, 8),
(804, 40, 6),
(805, 72, 6),
(806, 90, 2),
(807, 50, 5),
(808, 42, 7),
(809, 96, 9),
(810, 68, 2),
(811, 80, 2),
(812, 91, 4),
(813, 40, 7),
(814, 87, 9),
(815, 80, 5),
(816, 88, 5),
(817, 89, 5),
(818, 43, 2),
(819, 66, 6),
(820, 99, 7),
(821, 107, 2),
(822, 55, 9),
(823, 80, 5),
(824, 64, 6),
(825, 39, 5),
(826, 37, 2),
(827, 105, 9),
(828, 79, 8),
(829, 46, 4),
(830, 110, 5),
(831, 3, 7),
(832, 44, 2),
(833, 50, 5),
(834, 87, 2),
(835, 76, 4),
(836, 38, 1),
(837, 56, 5),
(838, 100, 1),
(839, 70, 3),
(840, 108, 1),
(841, 94, 4),
(842, 77, 5),
(843, 63, 6),
(844, 61, 1),
(845, 39, 4),
(846, 100, 2),
(847, 88, 5),
(848, 78, 3),
(849, 105, 7),
(850, 87, 3),
(851, 78, 2),
(852, 51, 4),
(853, 74, 4),
(854, 79, 4),
(855, 107, 6),
(856, 67, 2),
(857, 37, 7),
(858, 53, 8),
(859, 45, 1),
(860, 64, 10),
(861, 92, 5),
(862, 58, 4),
(863, 96, 4),
(864, 65, 2),
(865, 105, 10),
(866, 75, 10),
(867, 66, 9),
(868, 72, 1),
(869, 76, 2),
(870, 66, 4),
(871, 47, 2),
(872, 74, 9),
(873, 58, 2),
(874, 61, 8),
(875, 47, 4),
(876, 41, 4),
(877, 58, 6),
(878, 48, 8),
(879, 69, 6),
(880, 1, 7),
(881, 3, 7),
(882, 1, 5),
(883, 38, 2),
(884, 1, 3),
(885, 86, 4),
(886, 61, 10),
(887, 57, 4),
(888, 74, 8),
(889, 65, 1),
(890, 72, 9),
(891, 82, 6),
(892, 95, 3),
(893, 55, 3),
(894, 40, 7),
(895, 43, 3),
(896, 48, 2),
(897, 44, 1),
(898, 44, 1),
(899, 106, 6),
(900, 105, 9),
(901, 82, 10),
(902, 103, 7),
(903, 67, 3),
(904, 66, 5),
(905, 69, 3),
(906, 59, 9),
(907, 60, 1),
(908, 94, 7),
(909, 41, 7),
(910, 99, 7),
(911, 64, 7),
(912, 100, 2),
(913, 54, 5),
(914, 64, 9),
(915, 68, 8),
(916, 62, 6),
(917, 105, 7),
(918, 99, 4),
(919, 84, 3),
(920, 72, 3),
(921, 45, 10),
(922, 107, 5),
(923, 72, 7),
(924, 103, 1),
(925, 48, 8),
(926, 74, 8),
(927, 78, 9),
(928, 76, 2),
(929, 49, 4),
(930, 63, 7),
(931, 84, 3),
(932, 86, 6),
(933, 100, 9),
(934, 48, 3),
(935, 47, 10),
(936, 101, 10),
(937, 110, 9),
(938, 41, 8),
(939, 107, 5),
(940, 62, 2),
(941, 43, 1),
(942, 97, 1),
(943, 99, 8),
(944, 78, 9),
(945, 60, 2),
(946, 45, 1),
(947, 88, 8),
(948, 93, 8),
(949, 62, 9),
(950, 98, 7),
(951, 76, 2),
(952, 44, 4),
(953, 96, 2),
(954, 101, 2),
(955, 58, 8),
(956, 69, 10),
(957, 92, 2),
(958, 42, 7),
(959, 43, 6),
(960, 100, 2),
(961, 64, 7),
(962, 106, 2),
(963, 41, 1),
(964, 72, 2),
(965, 110, 6),
(966, 92, 1),
(967, 3, 3),
(968, 2, 3),
(969, 86, 9),
(970, 85, 4),
(971, 102, 6),
(972, 71, 2),
(973, 62, 6),
(974, 107, 8),
(975, 53, 8),
(976, 52, 7),
(977, 39, 2),
(978, 71, 5),
(979, 105, 6),
(980, 78, 2),
(981, 110, 7),
(982, 107, 3),
(983, 68, 10),
(984, 100, 1),
(985, 60, 3),
(986, 101, 1),
(987, 49, 2),
(988, 77, 2),
(989, 84, 8),
(990, 86, 4),
(991, 1, 6),
(992, 95, 10),
(993, 75, 3),
(994, 50, 2),
(995, 78, 7),
(996, 75, 10),
(997, 65, 3),
(998, 89, 3),
(999, 40, 1),
(1000, 104, 9);

-- --------------------------------------------------------

--
-- Table structure for table `products`
--

CREATE TABLE `products` (
  `pid` bigint(20) UNSIGNED NOT NULL,
  `pname` varchar(100) NOT NULL,
  `price` double NOT NULL,
  `quantity` bigint(50) NOT NULL DEFAULT '20',
  `description` varchar(500) DEFAULT NULL,
  `category` varchar(100) NOT NULL,
  `sub_category` varchar(100) NOT NULL,
  `img` varchar(500) DEFAULT NULL
) ENGINE=MyISAM DEFAULT CHARSET=latin1;

--
-- Dumping data for table `products`
--

INSERT INTO `products` (`pid`, `pname`, `price`, `quantity`, `description`, `category`, `sub_category`, `img`) VALUES
(106, 'Java The complete Reference', 705, 50, NULL, 'Books', 'TextBooks', 'img/51U232GoNXL._SL500_SR124,160_[1].jpg'),
(2, 'Sony DSLR', 40000, 10, NULL, 'electronics', 'cameras', 'img/camera.jpg'),
(3, 'HMT Milan', 8000, 10, NULL, 'men\'s fashion', 'watches', 'img/watch.jpg'),
(103, 'Concepts of Physics Part 1', 282, 50, NULL, 'Books', 'TextBooks', 'img/81n5SGtPJOL._SL500_SR126,160_[1].jpg'),
(102, 'Inferno by Dan Brown', 99, 50, NULL, 'Books', 'Action and Adventure', 'img/91Bx8Fqx1pL._SL500__BG0,0,0,0_FMpng_SR103,160_[1].jpg'),
(101, 'Harry Potter and Order of Phoenix', 250, 50, NULL, 'Books', 'Action and Adventure', 'img/81oZFoI-uOL._SL500_UX300_PJku-sticker-v7,TopRight,0,-50_OU31__BG0,0,0,0_FMpng_SR100,160_[1].jpg'),
(37, 'bcd', 100, 2, NULL, 'men\'s fashion', 'watches', 'img/watch.jpg'),
(72, 'Casio Enticer', 5000, 20, NULL, 'men\'s fashion', 'watches', 'img/casio_enticer.jpeg\r\n'),
(73, 'Fastrack Speedon', 1500, 20, NULL, 'men\'s fashion', 'watches', 'img/fastrack_watch.jpeg'),
(63, 'Sony DSC W380', 8000, 20, NULL, 'electronics', 'cameras', 'img/sony_dsc'),
(100, 'Harry Potter and Half Blood Prince', 196, 50, NULL, 'Books', 'Action and Adventure', 'img/81YVVCN89rL._SL500_UX300_PJku-sticker-v7,TopRight,0,-50_OU31__BG0,0,0,0_FMpng_SR100,160_[1].jpg'),
(98, 'moto x 4', 12000, 50, NULL, 'electronics', 'mobiles', 'img/x4.png'),
(99, 'Origin by Dan Brown', 219, 50, NULL, 'Books', 'Action and Adventure', 'img/91O+xe5t2oL._SL500__BG0,0,0,0_FMpng_SR104,160_[1].jpg'),
(51, 'moto g5 s', 17000, 20, NULL, 'electronics', 'mobiles', 'img/moto_g5s.jpeg'),
(52, 'apple iphone 8', 75000, 20, NULL, 'electronics', 'mobiles', 'img/apple_i8.jpeg'),
(53, 'apple iphone x', 100000, 20, NULL, 'electronics', 'mobiles', 'img/apple_ix'),
(54, 'google pixel 2', 75000, 20, NULL, 'electronics', 'mobiles', 'img/google_pixel2.jpeg'),
(55, 'google pixel ', 55000, 20, NULL, 'electronics', 'mobiles', 'img/google_pixel.jpeg'),
(56, 'apple macbook air', 55499, 20, NULL, 'electronics', 'laptops', 'img/apple_macbook.jpeg'),
(57, 'HP Spectre', 150000, 20, NULL, 'electronics', 'laptops', 'img/hp_spectre.jpeg'),
(58, 'Lenovo Thinkpad 300', 56000, 20, NULL, 'electronics', 'laptops', 'img/lenovo_thinkpad.jpeg'),
(59, 'Dell Vostro 3568', 49480, 20, NULL, 'electronics', 'laptops', 'img/dell_vostro.jpeg'),
(60, 'JBL Blastoff', 8000, 20, NULL, 'electronics', 'Headphones', 'img/jbl_blastoff.jpeg'),
(61, 'Bose ultrasound', 20000, 20, NULL, 'electronics', 'Headphones', 'img/bose_ultrasound.jpeg'),
(62, 'Sony PureSound', 10000, 20, NULL, 'electronics', 'Headphones', 'img/sony_puresound.jpeg'),
(64, 'Nikon Coolpix', 16000, 20, NULL, 'electronics', 'cameras', 'img/nikon_coolpix.jpeg'),
(65, 'Laurels Urbane', 500, 20, NULL, 'men\'s fashion', 'sunglasses', 'img/laurels_urbane.jpeg'),
(66, 'Fastrack vision', 1000, 20, NULL, 'men\'s fashion', 'sunglasses', 'img/fastrack_vision.jpeg'),
(67, 'Ray-Ban Cool Aviator ', 20000, 20, NULL, 'men\'s fashion', 'sunglasses', 'img/rayban_avaitor.jpeg'),
(105, 'Let Us C', 181, 50, NULL, 'Books', 'TextBooks', 'img/51NuHATrs8L._SL500_SR114,160_[1].jpg'),
(104, 'Concepts of Physics Part 2', 264, 50, NULL, 'Books', 'TextBooks', 'img/91iR6xuzf-L._SL500_SR122,160_[1].jpg'),
(74, 'Polo red shirt', 500, 20, NULL, 'men\'s fashion', 'clothing', 'img/polo_red.jpeg'),
(75, 'Addidas sweatshirt', 1000, 20, NULL, 'men\'s fashion', 'clothing', 'img/adidas_sweat.jpeg'),
(76, 'UCB casual shirt white', 750, 20, NULL, 'men\'s fashion', 'clothing', 'img/ucb_white.jpeg'),
(77, 'Indian Terrain red men\'s shirt', 1000, 20, NULL, 'men\'s fashion', 'clothing', 'img/IT_red.jpeg'),
(78, 'SS Magnum English Willow cricket bat', 1000, 20, NULL, 'Sports', 'cricket', 'img/ss_magnum.jpeg'),
(79, 'SG Ecolite Batting gloves', 600, 20, NULL, 'Sports', 'cricket', 'img/sg_ecolite.jpeg'),
(80, 'AVM Leather ball', 195, 20, NULL, 'Sports', 'cricket', 'img/avm_leather.jpeg'),
(81, 'Klapp Cricket Helmet', 600, 20, NULL, 'Sports', 'cricket', 'img/klapp_helmet.jpeg'),
(82, 'Yonex Gr 303 Racquet', 499, 20, NULL, 'Sports', 'Badminton', 'img/yonex_gr303.jpeg'),
(83, 'Yonex Mavis Shuttle cock, pack of six', 382, 20, NULL, 'sports', 'Badminton', 'img/yonex_mavis.jpeg'),
(84, 'Cosco Cb-89 Racquet', 299, 20, NULL, 'Sports', 'Badminton', 'img/cosco_cb.jpeg'),
(85, 'Yonex Muscle Power Racquet', 3499, 20, NULL, 'Sports', 'Badminton', 'img/yonex_musclepower.jpeg'),
(86, 'Nivia Storm Football,size 5', 599, 20, NULL, 'Sports', 'football', 'img/nivia_storm.jpeg'),
(87, 'Cosco Rio Football,size 3', 449, 20, NULL, 'Sports', 'football', 'img/cosco_rio.jpeg'),
(88, 'Avatoz football,size 5', 1000, 20, NULL, 'Sports', 'football', 'img/avatoz.jpeg'),
(89, 'Nike FCB football size5', 750, 20, NULL, 'Sports', 'football', 'img/nike_fcb.jpeg'),
(110, 'The boy with a broken heart', 186, 50, NULL, 'Books', 'Fiction', 'img/71E-+e1i0hL._SL150_[1].jpg'),
(109, 'Lord of the Rings paperback', 865, 50, NULL, 'Books', 'Fiction', 'img/31Z7f5HOcHL._BO1,204,203,200_[1].jpg'),
(108, 'Fantastic Beasts and Where to find them', 299, 50, NULL, 'Books', 'Fiction', 'img/61qso63F1FL._SL500_SR103,160_[1].jpg'),
(107, 'Game of Thrones ASOIF', 137, 50, NULL, 'Books', 'Fiction', 'img/91JPuybUiaL._SL500__BG0,0,0,0_FMpng_SR105,160_[1].jpg');

-- --------------------------------------------------------

--
-- Table structure for table `sales`
--

CREATE TABLE `sales` (
  `sid` bigint(20) UNSIGNED NOT NULL,
  `pid` bigint(20) NOT NULL,
  `qty` int(50) NOT NULL,
  `price` double NOT NULL
) ENGINE=MyISAM DEFAULT CHARSET=latin1;

--
-- Dumping data for table `sales`
--

INSERT INTO `sales` (`sid`, `pid`, `qty`, `price`) VALUES
(1, 5, 1, 0),
(2, 5, 1, 0),
(1, 1, 1, 0),
(3, 3, 1, 0),
(3, 2, 1, 0),
(4, 1, 1, 0),
(5, 1, 1, 0),
(5, 2, 2, 0),
(6, 3, 2, 0),
(7, 3, 1, 0),
(8, 3, 1, 0),
(9, 3, 1, 0),
(10, 3, 1, 0),
(10, 4, 1, 0),
(11, 5, 2, 3040),
(12, 5, 2, 3040),
(13, 2, 1, 40000),
(14, 1, 1, 36000),
(14, 3, 1, 8000),
(14, 2, 1, 40000),
(15, 42, 1, 45),
(15, 3, 1, 8000),
(15, 43, 1, 10),
(15, 70, 1, 3000),
(15, 41, 1, 15);

-- --------------------------------------------------------

--
-- Table structure for table `sub_category`
--

CREATE TABLE `sub_category` (
  `cid` bigint(20) UNSIGNED NOT NULL,
  `scname` varchar(100) NOT NULL
) ENGINE=MyISAM DEFAULT CHARSET=latin1;

--
-- Dumping data for table `sub_category`
--

INSERT INTO `sub_category` (`cid`, `scname`) VALUES
(1, 'cameras'),
(1, 'Headphones'),
(1, 'laptops'),
(1, 'mobiles'),
(2, 'clothing'),
(2, 'sunglasses'),
(2, 'watches'),
(3, 'Badminton'),
(3, 'cricket'),
(3, 'football'),
(15, 'dummysubcata'),
(15, 'dummysubcatb'),
(16, 'testcat1'),
(17, 'Action and Adventure'),
(17, 'Fiction'),
(17, 'TextBooks'),
(18, 'Gaming');

-- --------------------------------------------------------

--
-- Table structure for table `users`
--

CREATE TABLE `users` (
  `id` bigint(20) UNSIGNED NOT NULL,
  `name` varchar(100) NOT NULL,
  `email` varchar(100) NOT NULL,
  `password` varchar(100) NOT NULL,
  `contact` int(12) NOT NULL,
  `city` varchar(100) NOT NULL,
  `address` varchar(500) NOT NULL,
  `status` int(2) NOT NULL DEFAULT '0'
) ENGINE=MyISAM DEFAULT CHARSET=latin1;

--
-- Dumping data for table `users`
--

INSERT INTO `users` (`id`, `name`, `email`, `password`, `contact`, `city`, `address`, `status`) VALUES
(1, 'test user', 'test@test.com', '$2y$10$ZiyI/sKpxe.U4ymxZsw.lODRth.JcvLCJE3hBRIpE10UqH6tZmyjW', 8797, 'TESTcity', 'testaddr', 1),
(2, 'demo', 'demo@gmail', '$2y$10$CGohOvwqwyQsebI6v/Z2a.PK.C8axTsULhjsVyAUQdLixJDIgh8rm', 9875, 'ss', 'sadf', 0),
(3, '1456', 'rst', '$2y$10$JGdMYEYkB0hCleVporJH2uFTZgZzIMyHAk/J4U3ZuKMqthZkZ9e5u', 0, 'hvcht', 'nht', 0),
(5, 'test user', 'test1@test1.com', '$2y$10$qw6XLGWTsdgSSvlFt51njOW3ITtYFPsvCxQv4fDXl1Smjfm76Nlni', 1234567890, 'd', 'sadf', 0),
(6, 'test user', 'testmail@gmail.com', '$2y$10$2daeWI0Hsnn3j1ySS4jok.JD1wqYaVJN4WIAqfwqo7RymCzWgLgxa', 1234567890, 's', 'sadf', 0),
(29, 'sasank', 'spammailsasi@gmail.com', '$2y$10$yae7TjfOns07XbWjhwMmA.CZYsU6dmTEV61SeZ5KtevhzxEfe1b/y', 1234567890, 'GUNTUR', 'HIG38, APHB COLONY', 0),
(23, 'test user', 'sasank2102@gmail.com', '$2y$10$qRnQhtIwvZADN3tfMEd9fua9IMj2T3u0TqWTufQLCAvAaZz1N9owS', 1234567890, 'GUNTUR', 'HIG38, APHB COLONY', 1);

--
-- Indexes for dumped tables
--

--
-- Indexes for table `admin`
--
ALTER TABLE `admin`
  ADD PRIMARY KEY (`id`),
  ADD UNIQUE KEY `id` (`id`);

--
-- Indexes for table `category`
--
ALTER TABLE `category`
  ADD PRIMARY KEY (`cid`),
  ADD UNIQUE KEY `cid` (`cid`);

--
-- Indexes for table `dummy_sales`
--
ALTER TABLE `dummy_sales`
  ADD PRIMARY KEY (`sid`,`pid`);

--
-- Indexes for table `products`
--
ALTER TABLE `products`
  ADD PRIMARY KEY (`pid`),
  ADD UNIQUE KEY `pid` (`pid`);

--
-- Indexes for table `sales`
--
ALTER TABLE `sales`
  ADD PRIMARY KEY (`sid`,`pid`);

--
-- Indexes for table `sub_category`
--
ALTER TABLE `sub_category`
  ADD PRIMARY KEY (`cid`,`scname`);

--
-- Indexes for table `users`
--
ALTER TABLE `users`
  ADD PRIMARY KEY (`id`),
  ADD UNIQUE KEY `id` (`id`);

--
-- AUTO_INCREMENT for dumped tables
--

--
-- AUTO_INCREMENT for table `admin`
--
ALTER TABLE `admin`
  MODIFY `id` bigint(20) UNSIGNED NOT NULL AUTO_INCREMENT, AUTO_INCREMENT=2;
--
-- AUTO_INCREMENT for table `category`
--
ALTER TABLE `category`
  MODIFY `cid` bigint(20) UNSIGNED NOT NULL AUTO_INCREMENT, AUTO_INCREMENT=19;
--
-- AUTO_INCREMENT for table `products`
--
ALTER TABLE `products`
  MODIFY `pid` bigint(20) UNSIGNED NOT NULL AUTO_INCREMENT, AUTO_INCREMENT=113;
--
-- AUTO_INCREMENT for table `users`
--
ALTER TABLE `users`
  MODIFY `id` bigint(20) UNSIGNED NOT NULL AUTO_INCREMENT, AUTO_INCREMENT=30;
/*!40101 SET CHARACTER_SET_CLIENT=@OLD_CHARACTER_SET_CLIENT */;
/*!40101 SET CHARACTER_SET_RESULTS=@OLD_CHARACTER_SET_RESULTS */;
/*!40101 SET COLLATION_CONNECTION=@OLD_COLLATION_CONNECTION */;
